{
	"name": "adventure-log",
	"title": "Adventure Log",
	"description": "For convenient journal templating and player-run logs of your adventure",
	"version": "0.2.3",
	"authors": [
		{
			"name": "Grygon",
			"email": "grygohn@gmail.com",
			"url": "https://www.github.com/grygon/",
			"discord": "Grygon#9138"
		}
	],
	"esmodules": [
		"foundryvtt-adventure-log.js"
	],
	"styles": [
		"foundryvtt-adventure-log.css"
	],
	"minimumCoreVersion": "0.8.7",
	"compatibleCoreVersion": "0.8.7",
	"url": "https://github.com/Grygon/adventure-log",
	"manifest": "https://raw.githubusercontent.com/Grygon/adventure-log/master/src/module.json",
	"download": "https://raw.githubusercontent.com/Grygon/adventure-log/v0.2.3/package/adventure-log-v0.2.3.zip",
	"manifestPlusVersion": "1.0.0",
	"dependencies": [
		{"name": "lib-wrapper"}
	],
	"media": [
		{
			"type": "icon",
			"url": "https://raw.githubusercontent.com/Grygon/adventure-log/master/static/icon.png"
		}
	]
}